[{"citation_count":4,"year":1954},{"citation_count":7,"year":1955},{"citation_count":5,"year":1956},{"citation_count":9,"year":1957},{"citation_count":14,"year":1958},{"citation_count":7,"year":1959},{"citation_count":18,"year":1960},{"citation_count":13,"year":1961},{"citation_count":31,"year":1962},{"citation_count":24,"year":1963},{"citation_count":39,"year":1964},{"citation_count":26,"year":1965},{"citation_count":3,"year":1966},{"citation_count":27,"year":1967},{"citation_count":25,"year":1968},{"citation_count":103,"year":1969},{"citation_count":1796,"year":1970},{"citation_count":17,"year":1971},{"citation_count":44,"year":1972},{"citation_count":28,"year":1973},{"citation_count":29,"year":1974},{"citation_count":38,"year":1975},{"citation_count":62,"year":1976},{"citation_count":31,"year":1977},{"citation_count":50,"year":1978},{"citation_count":55,"year":1979},{"citation_count":37,"year":1980},{"citation_count":77,"year":1981},{"citation_count":34,"year":1982},{"citation_count":55,"year":1983},{"citation_count":53,"year":1984},{"citation_count":49,"year":1985},{"citation_count":77,"year":1986},{"citation_count":74,"year":1987},{"citation_count":102,"year":1988},{"citation_count":98,"year":1989},{"citation_count":64,"year":1990},{"citation_count":55,"year":1991},{"citation_count":45,"year":1992},{"citation_count":97,"year":1993},{"citation_count":48,"year":1994},{"citation_count":84,"year":1995},{"citation_count":221,"year":1996},{"citation_count":216,"year":1997},{"citation_count":262,"year":1998},{"citation_count":525,"year":1999},{"citation_count":513,"year":2000},{"citation_count":622,"year":2001},{"citation_count":1053,"year":2002},{"citation_count":1328,"year":2003},{"citation_count":1785,"year":2004},{"citation_count":4032,"year":2005},{"citation_count":6405,"year":2006},{"citation_count":9847,"year":2007},{"citation_count":17054,"year":2008},{"citation_count":25930,"year":2009},{"citation_count":43699,"year":2010},{"citation_count":76982,"year":2011},{"citation_count":120619,"year":2012},{"citation_count":157273,"year":2013},{"citation_count":225960,"year":2014},{"citation_count":283926,"year":2015},{"citation_count":347488,"year":2016},{"citation_count":540827,"year":2017},{"citation_count":842554,"year":2018},{"citation_count":1240765,"year":2019},{"citation_count":2151218,"year":2020},{"citation_count":3727041,"year":2021},{"citation_count":715366,"year":2022},{"citation_count":868,"year":2023},{"citation_count":375,"year":2024}]